"seller","day_of_week","income"
Abraham Bennet,monday   ,19687184
Albert Ringer,monday   ,26095767
Ann Dull,monday   ,2251059
Anne Ringer,monday   ,3836333
Burt Gringlesby,monday   ,7105494
Charlene Locksley,monday   ,5946108
Cheryl Carson,monday   ,3670322
Dean Straight,monday   ,13807973
Dirk Stringer,monday   ,47511599
Heather McBadden,monday   ,18991189
Innes del Castillo,monday   ,14654025
Johnson White,monday   ,4847862
Livia Karsen,monday   ,10759483
Marjorie Green,monday   ,4964446
Meander Smith,monday   ,3698554
Michael O'Leary,monday   ,11290527
Michel DeFrance,monday   ,32040606
Morningstar Greene,monday   ,3496641
Reginald Blotchet-Halls,monday   ,4977103
Sheryl Hunter,monday   ,11937365
Stearns MacFeather,monday   ,2251524
Sylvia Panteley,monday   ,6168513
Abraham Bennet,tuesday  ,16460956
Albert Ringer,tuesday  ,26227025
Ann Dull,tuesday  ,2399294
Anne Ringer,tuesday  ,3995619
Burt Gringlesby,tuesday  ,4559079
Charlene Locksley,tuesday  ,6364510
Cheryl Carson,tuesday  ,6023760
Dean Straight,tuesday  ,10795596
Dirk Stringer,tuesday  ,41006973
Heather McBadden,tuesday  ,16940034
Innes del Castillo,tuesday  ,16082145
Johnson White,tuesday  ,7406556
Livia Karsen,tuesday  ,12884323
Marjorie Green,tuesday  ,4527374
Meander Smith,tuesday  ,3659007
Michael O'Leary,tuesday  ,4441148
Michel DeFrance,tuesday  ,24630390
Morningstar Greene,tuesday  ,5219528
Reginald Blotchet-Halls,tuesday  ,3934180
Sheryl Hunter,tuesday  ,10068054
Stearns MacFeather,tuesday  ,1389036
Sylvia Panteley,tuesday  ,4543939
Abraham Bennet,wednesday,22683225
Albert Ringer,wednesday,28422550
Ann Dull,wednesday,2506814
Anne Ringer,wednesday,3511492
Burt Gringlesby,wednesday,8095555
Charlene Locksley,wednesday,8488907
Cheryl Carson,wednesday,3141102
Dean Straight,wednesday,12804439
Dirk Stringer,wednesday,29673329
Heather McBadden,wednesday,12370391
Innes del Castillo,wednesday,15199051
Johnson White,wednesday,8071635
Livia Karsen,wednesday,15935555
Marjorie Green,wednesday,6914867
Meander Smith,wednesday,2668014
Michael O'Leary,wednesday,12206234
Michel DeFrance,wednesday,35720244
Morningstar Greene,wednesday,5920134
Reginald Blotchet-Halls,wednesday,5714596
Sheryl Hunter,wednesday,11143444
Stearns MacFeather,wednesday,1883924
Sylvia Panteley,wednesday,5122396
Abraham Bennet,thursday ,14570029
Albert Ringer,thursday ,24791058
Ann Dull,thursday ,2014951
Anne Ringer,thursday ,2337860
Burt Gringlesby,thursday ,6495136
Charlene Locksley,thursday ,6978221
Cheryl Carson,thursday ,4971333
Dean Straight,thursday ,13548807
Dirk Stringer,thursday ,49688624
Heather McBadden,thursday ,18347044
Innes del Castillo,thursday ,12801301
Johnson White,thursday ,5282759
Livia Karsen,thursday ,17787288
Marjorie Green,thursday ,5785330
Meander Smith,thursday ,3274075
Michael O'Leary,thursday ,7069200
Michel DeFrance,thursday ,36165016
Morningstar Greene,thursday ,3297526
Reginald Blotchet-Halls,thursday ,5995240
Sheryl Hunter,thursday ,7948782
Stearns MacFeather,thursday ,1952769
Sylvia Panteley,thursday ,8020966
Abraham Bennet,friday   ,20784307
Albert Ringer,friday   ,22418705
Ann Dull,friday   ,3150889
Anne Ringer,friday   ,2583058
Burt Gringlesby,friday   ,7821860
Charlene Locksley,friday   ,6999382
Cheryl Carson,friday   ,7064119
Dean Straight,friday   ,12347573
Dirk Stringer,friday   ,51865649
Heather McBadden,friday   ,18008817
Innes del Castillo,friday   ,15600466
Johnson White,friday   ,4286612
Livia Karsen,friday   ,9212663
Marjorie Green,friday   ,7209399
Meander Smith,friday   ,2583691
Michael O'Leary,friday   ,16409243
Michel DeFrance,friday   ,38497660
Morningstar Greene,friday   ,4362031
Reginald Blotchet-Halls,friday   ,7099514
Sheryl Hunter,friday   ,15548404
Stearns MacFeather,friday   ,1539399
Sylvia Panteley,friday   ,5450303
Abraham Bennet,saturday ,12116144
Albert Ringer,saturday ,26695341
Ann Dull,saturday ,3051685
Anne Ringer,saturday ,2463593
Burt Gringlesby,saturday ,6531308
Charlene Locksley,saturday ,8096511
Cheryl Carson,saturday ,4917315
Dean Straight,saturday ,15976346
Dirk Stringer,saturday ,51865649
Heather McBadden,saturday ,15663193
Innes del Castillo,saturday ,16727707
Johnson White,saturday ,7105266
Livia Karsen,saturday ,12348711
Marjorie Green,saturday ,7259988
Meander Smith,saturday ,2914520
Michael O'Leary,saturday ,9596501
Michel DeFrance,saturday ,40957100
Morningstar Greene,saturday ,3510680
Reginald Blotchet-Halls,saturday ,6125778
Sheryl Hunter,saturday ,10285970
Stearns MacFeather,saturday ,2595476
Sylvia Panteley,saturday ,4789549
Abraham Bennet,sunday   ,16683061
Albert Ringer,sunday   ,29064581
Ann Dull,sunday   ,2634777
Anne Ringer,sunday   ,2420638
Burt Gringlesby,sunday   ,8856899
Charlene Locksley,sunday   ,8792064
Cheryl Carson,sunday   ,3624983
Dean Straight,sunday   ,16059511
Dirk Stringer,sunday   ,50190039
Heather McBadden,sunday   ,23989939
Innes del Castillo,sunday   ,22265948
Johnson White,sunday   ,6343055
Livia Karsen,sunday   ,10539386
Marjorie Green,sunday   ,7659702
Meander Smith,sunday   ,4710441
Michael O'Leary,sunday   ,6995926
Michel DeFrance,sunday   ,35110145
Morningstar Greene,sunday   ,5111770
Reginald Blotchet-Halls,sunday   ,4650788
Sheryl Hunter,sunday   ,10199300
Stearns MacFeather,sunday   ,1736684
Sylvia Panteley,sunday   ,5468989
Abraham Bennet,monday   ,16384163
Albert Ringer,monday   ,31220301
Ann Dull,monday   ,2326924
Anne Ringer,monday   ,4038575
Burt Gringlesby,monday   ,7904312
Charlene Locksley,monday   ,9104145
Cheryl Carson,monday   ,7613744
Dean Straight,monday   ,11905938
Dirk Stringer,monday   ,56193251
Heather McBadden,monday   ,15069896
Innes del Castillo,monday   ,12217773
Johnson White,monday   ,5324180
Livia Karsen,monday   ,9762472
Marjorie Green,monday   ,5425756
Meander Smith,monday   ,2658688
Michael O'Leary,monday   ,7939111
Michel DeFrance,monday   ,33312336
Morningstar Greene,monday   ,3133828
Reginald Blotchet-Halls,monday   ,7741722
Sheryl Hunter,monday   ,9821701
Stearns MacFeather,monday   ,3127303
Sylvia Panteley,monday   ,3237036
Abraham Bennet,tuesday  ,18199024
Albert Ringer,tuesday  ,32908629
Ann Dull,tuesday  ,2458434
Anne Ringer,tuesday  ,5129429
Burt Gringlesby,tuesday  ,8408939
Charlene Locksley,tuesday  ,6168439
Cheryl Carson,tuesday  ,6620247
Dean Straight,tuesday  ,11168130
Dirk Stringer,tuesday  ,37154338
Heather McBadden,tuesday  ,14947836
Innes del Castillo,tuesday  ,18350335
Johnson White,tuesday  ,8563104
Livia Karsen,tuesday  ,2671055
Marjorie Green,tuesday  ,5604765
Meander Smith,tuesday  ,3347578
Michael O'Leary,tuesday  ,6135174
Michel DeFrance,tuesday  ,34047874
Morningstar Greene,tuesday  ,6215751
Reginald Blotchet-Halls,tuesday  ,5273424
Sheryl Hunter,tuesday  ,11910347
Stearns MacFeather,tuesday  ,1589341
Sylvia Panteley,tuesday  ,7036677
Abraham Bennet,wednesday,14631787
Albert Ringer,wednesday,26581537
Ann Dull,wednesday,2346145
Anne Ringer,wednesday,4764767
Burt Gringlesby,wednesday,10497285
Charlene Locksley,wednesday,6434626
Cheryl Carson,wednesday,5136776
Dean Straight,wednesday,14720857
Dirk Stringer,wednesday,53567707
Heather McBadden,wednesday,12905836
Innes del Castillo,wednesday,12993866
Johnson White,wednesday,5035918
Livia Karsen,wednesday,9297479
Marjorie Green,wednesday,9290687
Meander Smith,wednesday,3965953
Michael O'Leary,wednesday,10420616
Michel DeFrance,wednesday,22263136
Morningstar Greene,wednesday,6036167
Reginald Blotchet-Halls,wednesday,5726333
Sheryl Hunter,wednesday,9590423
Stearns MacFeather,wednesday,2062312
Sylvia Panteley,wednesday,4871876
Abraham Bennet,thursday ,18782684
Albert Ringer,thursday ,21237238
Ann Dull,thursday ,2793772
Anne Ringer,thursday ,3673912
Burt Gringlesby,thursday ,6500703
Charlene Locksley,thursday ,8146994
Cheryl Carson,thursday ,4267190
Dean Straight,thursday ,16974224
Dirk Stringer,thursday ,46561665
Heather McBadden,thursday ,22995826
Innes del Castillo,thursday ,13862619
Johnson White,thursday ,6216048
Livia Karsen,thursday ,12841915
Marjorie Green,thursday ,6349266
Meander Smith,thursday ,3604904
Michael O'Leary,thursday ,6986767
Michel DeFrance,thursday ,35428121
Morningstar Greene,thursday ,4717371
Reginald Blotchet-Halls,thursday ,5688500
Sheryl Hunter,thursday ,10471014
Stearns MacFeather,thursday ,2362422
Sylvia Panteley,thursday ,8097491
Abraham Bennet,friday   ,12097030
Albert Ringer,friday   ,30626186
Ann Dull,friday   ,3445539
Anne Ringer,friday   ,5414449
Burt Gringlesby,friday   ,7188224
Charlene Locksley,friday   ,7692896
Cheryl Carson,friday   ,6165449
Dean Straight,friday   ,11802986
Dirk Stringer,friday   ,45361022
Heather McBadden,friday   ,17990239
Innes del Castillo,friday   ,13253957
Johnson White,friday   ,4653961
Livia Karsen,friday   ,12380517
Marjorie Green,friday   ,8970694
Meander Smith,friday   ,5423214
Michael O'Leary,friday   ,11327164
Michel DeFrance,friday   ,41725125
Morningstar Greene,friday   ,3684168
Reginald Blotchet-Halls,friday   ,7822645
Sheryl Hunter,friday   ,10081710
Stearns MacFeather,friday   ,2159957
Sylvia Panteley,friday   ,6597940
Abraham Bennet,saturday ,13969145
Albert Ringer,saturday ,25120896
Ann Dull,saturday ,2530492
Anne Ringer,saturday ,4645302
Burt Gringlesby,saturday ,7201116
Charlene Locksley,saturday ,4193968
Cheryl Carson,saturday ,3757193
Dean Straight,saturday ,12967664
Dirk Stringer,saturday ,67526895
Heather McBadden,saturday ,19217981
Innes del Castillo,saturday ,26517735
Johnson White,saturday ,7499285
Livia Karsen,saturday ,11085600
Marjorie Green,saturday ,7212179
Meander Smith,saturday ,2710550
Michael O'Leary,saturday ,13030350
Michel DeFrance,saturday ,36038220
Morningstar Greene,saturday ,5220279
Reginald Blotchet-Halls,saturday ,5795520
Sheryl Hunter,saturday ,11814216
Stearns MacFeather,saturday ,2820825
Sylvia Panteley,saturday ,6145872
Abraham Bennet,sunday   ,12580195
Albert Ringer,sunday   ,24169694
Ann Dull,sunday   ,2699908
Anne Ringer,sunday   ,3591135
Burt Gringlesby,sunday   ,6283397
Charlene Locksley,sunday   ,7157972
Cheryl Carson,sunday   ,4217321
Dean Straight,sunday   ,12166342
Dirk Stringer,sunday   ,52089909
Heather McBadden,sunday   ,14195121
Innes del Castillo,sunday   ,17649985
Johnson White,sunday   ,5505380
Livia Karsen,sunday   ,8388957
Marjorie Green,sunday   ,5592534
Meander Smith,sunday   ,6371671
Michael O'Leary,sunday   ,7911633
Michel DeFrance,sunday   ,33035779
Morningstar Greene,sunday   ,4548475
Reginald Blotchet-Halls,sunday   ,6151874
Sheryl Hunter,sunday   ,9971924
Stearns MacFeather,sunday   ,1514356
Sylvia Panteley,sunday   ,4033109
Abraham Bennet,monday   ,13485559
Albert Ringer,monday   ,29268566
Ann Dull,monday   ,2487167
Anne Ringer,monday   ,3958932
Burt Gringlesby,monday   ,6421035
Charlene Locksley,monday   ,6782150
Cheryl Carson,monday   ,6044545
Dean Straight,monday   ,17417197
Dirk Stringer,monday   ,48962949
Heather McBadden,monday   ,20906735
Innes del Castillo,monday   ,14938619
Johnson White,monday   ,7753645
Livia Karsen,monday   ,10245074
Marjorie Green,monday   ,8698511
Meander Smith,monday   ,3092493
Michael O'Leary,monday   ,10457253
Michel DeFrance,monday   ,28143344
Morningstar Greene,monday   ,2823175
Reginald Blotchet-Halls,monday   ,7891832
Sheryl Hunter,monday   ,7468907
Stearns MacFeather,monday   ,1580570
Sylvia Panteley,monday   ,6449353
Abraham Bennet,tuesday  ,16748059
Albert Ringer,tuesday  ,33919124
Ann Dull,tuesday  ,2255204
Anne Ringer,tuesday  ,3833199
Burt Gringlesby,tuesday  ,7601036
Charlene Locksley,tuesday  ,6309440
Cheryl Carson,tuesday  ,7353093
Dean Straight,tuesday  ,13190554
Dirk Stringer,tuesday  ,45835990
Heather McBadden,tuesday  ,22387908
Innes del Castillo,tuesday  ,19645979
Johnson White,tuesday  ,4752982
Livia Karsen,tuesday  ,6175627
Marjorie Green,tuesday  ,5631116
Meander Smith,tuesday  ,4359465
Michael O'Leary,tuesday  ,12197075
Michel DeFrance,tuesday  ,32801232
Morningstar Greene,tuesday  ,6839482
Reginald Blotchet-Halls,tuesday  ,6187126
Sheryl Hunter,tuesday  ,15351655
Stearns MacFeather,tuesday  ,2334851
Sylvia Panteley,tuesday  ,6008738
Abraham Bennet,wednesday,17259606
Albert Ringer,wednesday,30534328
Ann Dull,wednesday,3347219
Anne Ringer,wednesday,2907899
Burt Gringlesby,wednesday,6346933
Charlene Locksley,wednesday,8894561
Cheryl Carson,wednesday,4821345
Dean Straight,wednesday,7350777
Dirk Stringer,wednesday,45585282
Heather McBadden,wednesday,20993289
Innes del Castillo,wednesday,11659379
Johnson White,wednesday,3949366
Livia Karsen,wednesday,11897914
Marjorie Green,wednesday,9713082
Meander Smith,wednesday,5083058
Michael O'Leary,wednesday,11345482
Michel DeFrance,wednesday,33420853
Morningstar Greene,wednesday,3384856
Reginald Blotchet-Halls,wednesday,4308796
Sheryl Hunter,wednesday,11532748
Stearns MacFeather,wednesday,2243120
Sylvia Panteley,wednesday,3512491
Abraham Bennet,thursday ,18915088
Albert Ringer,thursday ,37547649
Ann Dull,thursday ,3221726
Anne Ringer,thursday ,3067186
Burt Gringlesby,thursday ,8021453
Charlene Locksley,thursday ,9262224
Cheryl Carson,thursday ,4241875
Dean Straight,thursday ,10171956
Dirk Stringer,thursday ,61022268
Heather McBadden,thursday ,28621316
Innes del Castillo,thursday ,20736320
Johnson White,thursday ,5900873
Livia Karsen,thursday ,7417534
Marjorie Green,thursday ,7173597
Meander Smith,thursday ,5422466
Michael O'Leary,thursday ,11354641
Michel DeFrance,thursday ,33094121
Morningstar Greene,thursday ,3684969
Reginald Blotchet-Halls,thursday ,6254995
Sheryl Hunter,thursday ,10268706
Stearns MacFeather,thursday ,1522797
Sylvia Panteley,thursday ,8308349
Abraham Bennet,friday   ,11573829
Albert Ringer,friday   ,29564483
Ann Dull,friday   ,2579470
Anne Ringer,friday   ,3024230
Burt Gringlesby,friday   ,12396158
Charlene Locksley,friday   ,7208965
Cheryl Carson,friday   ,7589571
Dean Straight,friday   ,12840082
Dirk Stringer,friday   ,44635347
Heather McBadden,friday   ,15250010
Innes del Castillo,friday   ,18388207
Johnson White,friday   ,6148318
Livia Karsen,friday   ,15694253
Marjorie Green,friday   ,6079862
Meander Smith,friday   ,2946235
Michael O'Leary,friday   ,9678933
Michel DeFrance,friday   ,29171005
Morningstar Greene,friday   ,4186326
Reginald Blotchet-Halls,friday   ,7263986
Sheryl Hunter,friday   ,7752326
Stearns MacFeather,friday   ,2050541
Sylvia Panteley,friday   ,5999426
Abraham Bennet,saturday ,19388450
Albert Ringer,saturday ,30130396
Ann Dull,saturday ,2465335
Anne Ringer,saturday ,3474804
Burt Gringlesby,saturday ,8509103
Charlene Locksley,saturday ,8037358
Cheryl Carson,saturday ,4796030
Dean Straight,saturday ,16347576
Dirk Stringer,saturday ,36177956
Heather McBadden,saturday ,9745042
Innes del Castillo,saturday ,18309888
Johnson White,saturday ,5595191
Livia Karsen,saturday ,11032590
Marjorie Green,saturday ,7583094
Meander Smith,saturday ,3318105
Michael O'Leary,saturday ,9596501
Michel DeFrance,saturday ,34065562
Morningstar Greene,saturday ,5286429
Reginald Blotchet-Halls,saturday ,5884278
Sheryl Hunter,saturday ,9097186
Stearns MacFeather,saturday ,1490873
Sylvia Panteley,saturday ,7592016
Abraham Bennet,sunday   ,10446275
Albert Ringer,sunday   ,22224893
Ann Dull,sunday   ,2651216
Anne Ringer,sunday   ,3919110
Burt Gringlesby,sunday   ,10530395
Charlene Locksley,sunday   ,7024115
Cheryl Carson,sunday   ,6102332
Dean Straight,sunday   ,14025328
Dirk Stringer,sunday   ,39080655
Heather McBadden,sunday   ,20770924
Innes del Castillo,sunday   ,15510382
Johnson White,sunday   ,5826804
Livia Karsen,sunday   ,4082593
Marjorie Green,sunday   ,9097000
Meander Smith,sunday   ,4350139
Michael O'Leary,sunday   ,6153493
Michel DeFrance,sunday   ,34140826
Morningstar Greene,sunday   ,6036363
Reginald Blotchet-Halls,sunday   ,6589152
Sheryl Hunter,sunday   ,14324743
Stearns MacFeather,sunday   ,1294284
Sylvia Panteley,sunday   ,6422989
Abraham Bennet,monday   ,10012033
Albert Ringer,monday   ,39988013
Ann Dull,monday   ,2794084
Anne Ringer,monday   ,4602346
Burt Gringlesby,monday   ,7370839
Charlene Locksley,monday   ,8306095
Cheryl Carson,monday   ,4146286
Dean Straight,monday   ,13881006
Dirk Stringer,monday   ,51139974
Heather McBadden,monday   ,21107242
Innes del Castillo,monday   ,15160207
Johnson White,monday   ,6093414
Livia Karsen,monday   ,8340331
Marjorie Green,monday   ,4090526
Meander Smith,monday   ,2317786
Michael O'Leary,monday   ,10493889
Michel DeFrance,monday   ,34307509
Morningstar Greene,monday   ,5322840
Reginald Blotchet-Halls,monday   ,7168700
Sheryl Hunter,monday   ,11212849
Stearns MacFeather,monday   ,1362307
Sylvia Panteley,monday   ,6645990
Abraham Bennet,tuesday  ,23784730
Albert Ringer,tuesday  ,34321735
Ann Dull,tuesday  ,3193929
Anne Ringer,tuesday  ,4562524
Burt Gringlesby,tuesday  ,7651859
Charlene Locksley,tuesday  ,7370616
Cheryl Carson,tuesday  ,5479388
Dean Straight,tuesday  ,10092405
Dirk Stringer,tuesday  ,43658965
Heather McBadden,tuesday  ,11631014
Innes del Castillo,tuesday  ,19841460
Johnson White,tuesday  ,5535399
Livia Karsen,tuesday  ,10518182
Marjorie Green,tuesday  ,4681812
Meander Smith,tuesday  ,3348325
Michael O'Leary,tuesday  ,7957429
Michel DeFrance,tuesday  ,32985604
Morningstar Greene,tuesday  ,3212181
Reginald Blotchet-Halls,tuesday  ,5517501
Sheryl Hunter,tuesday  ,9914223
Stearns MacFeather,tuesday  ,1493524
Sylvia Panteley,tuesday  ,6434177
Abraham Bennet,wednesday,14253544
Albert Ringer,wednesday,32223207
Ann Dull,wednesday,2454601
Anne Ringer,wednesday,4078397
Burt Gringlesby,wednesday,9660259
Charlene Locksley,wednesday,7792844
Cheryl Carson,wednesday,3799906
Dean Straight,wednesday,11795369
Dirk Stringer,wednesday,58845243
Heather McBadden,wednesday,10585961
Innes del Castillo,wednesday,24652273
Johnson White,wednesday,7637780
Livia Karsen,wednesday,12767701
Marjorie Green,wednesday,6555293
Meander Smith,wednesday,3784372
Michael O'Leary,wednesday,8754067
Michel DeFrance,wednesday,32182968
Morningstar Greene,wednesday,3280128
Reginald Blotchet-Halls,wednesday,5251223
Sheryl Hunter,wednesday,11735056
Stearns MacFeather,wednesday,1437911
Sylvia Panteley,wednesday,6625906
Abraham Bennet,thursday ,14926614
Albert Ringer,thursday ,27082906
Ann Dull,thursday ,1658432
Anne Ringer,thursday ,4728079
Burt Gringlesby,thursday ,5928276
Charlene Locksley,thursday ,8274224
Cheryl Carson,thursday ,5472612
Dean Straight,thursday ,13360927
Dirk Stringer,thursday ,50163592
Heather McBadden,thursday ,26118673
Innes del Castillo,thursday ,15809316
Johnson White,thursday ,5004568
Livia Karsen,thursday ,8205050
Marjorie Green,thursday ,6310684
Meander Smith,thursday ,5400825
Michael O'Leary,thursday ,11318005
Michel DeFrance,thursday ,28375769
Morningstar Greene,thursday ,3019260
Reginald Blotchet-Halls,thursday ,8852520
Sheryl Hunter,thursday ,9922027
Stearns MacFeather,thursday ,1478363
Sylvia Panteley,thursday ,6120462
Abraham Bennet,friday   ,15053618
Albert Ringer,friday   ,19305994
Ann Dull,friday   ,2102512
Anne Ringer,friday   ,2864944
Burt Gringlesby,friday   ,7883816
Charlene Locksley,friday   ,5637088
Cheryl Carson,friday   ,7095829
Dean Straight,friday   ,11611184
Dirk Stringer,friday   ,42933290
Heather McBadden,friday   ,23142284
Innes del Castillo,friday   ,19283066
Johnson White,friday   ,4248019
Livia Karsen,friday   ,8194448
Marjorie Green,friday   ,6630677
Meander Smith,friday   ,3614977
Michael O'Leary,friday   ,7874997
Michel DeFrance,friday   ,26144242
Morningstar Greene,friday   ,4552353
Reginald Blotchet-Halls,friday   ,7770450
Sheryl Hunter,friday   ,10197349
Stearns MacFeather,friday   ,2171012
Sylvia Panteley,friday   ,5922870
Abraham Bennet,saturday ,22023196
Albert Ringer,saturday ,14909343
Ann Dull,saturday ,3309598
Anne Ringer,saturday ,1372739
Burt Gringlesby,saturday ,9119460
Charlene Locksley,saturday ,5475437
Cheryl Carson,saturday ,3305784
Dean Straight,saturday ,13679021
Dirk Stringer,saturday ,60520853
Heather McBadden,saturday ,15587778
Innes del Castillo,saturday ,16093910
Johnson White,saturday ,7234797
Livia Karsen,saturday ,935944
Marjorie Green,saturday ,8826930
Meander Smith,saturday ,3254675
Michael O'Leary,saturday ,8726589
Michel DeFrance,saturday ,31455595
Morningstar Greene,saturday ,3480842
Reginald Blotchet-Halls,saturday ,6068325
Sheryl Hunter,saturday ,11792757
Stearns MacFeather,saturday ,1622234
Sylvia Panteley,saturday ,5946466
Abraham Bennet,sunday   ,15079772
Albert Ringer,sunday   ,26001204
Ann Dull,sunday   ,2916030
Anne Ringer,sunday   ,3839467
Burt Gringlesby,sunday   ,6428360
Charlene Locksley,sunday   ,6279608
Cheryl Carson,sunday   ,5157942
Dean Straight,sunday   ,10020219
Dirk Stringer,sunday   ,50889267
Heather McBadden,sunday   ,22654923
Innes del Castillo,sunday   ,24353339
Johnson White,sunday   ,8618642
Livia Karsen,sunday   ,10152201
Marjorie Green,sunday   ,6375060
Meander Smith,sunday   ,5072238
Michael O'Leary,sunday   ,13048668
Michel DeFrance,sunday   ,25567987
Morningstar Greene,sunday   ,5083447
Reginald Blotchet-Halls,sunday   ,6384218
Sheryl Hunter,sunday   ,11709989
Stearns MacFeather,sunday   ,1812782
Sylvia Panteley,sunday   ,6586750
Abraham Bennet,monday   ,13428763
Albert Ringer,monday   ,22041143
Ann Dull,monday   ,2168865
Anne Ringer,monday   ,4121353
Burt Gringlesby,monday   ,8893348
Charlene Locksley,monday   ,6601376
Cheryl Carson,monday   ,4407318
Dean Straight,monday   ,12737556
Dirk Stringer,monday   ,55968991
Heather McBadden,monday   ,19190861
Innes del Castillo,monday   ,20878617
Johnson White,monday   ,5120362
Livia Karsen,monday   ,8897148
Marjorie Green,monday   ,8274560
Meander Smith,monday   ,4049530
Michael O'Leary,monday   ,7032563
Michel DeFrance,monday   ,22213726
Morningstar Greene,monday   ,3929336
Reginald Blotchet-Halls,monday   ,7578564
Sheryl Hunter,monday   ,11149296
Stearns MacFeather,monday   ,2109030
Sylvia Panteley,monday   ,6799900
Abraham Bennet,tuesday  ,16131139
Albert Ringer,tuesday  ,29840766
Ann Dull,tuesday  ,1520333
Anne Ringer,tuesday  ,3548179
Burt Gringlesby,tuesday  ,5813460
Charlene Locksley,tuesday  ,7424670
Cheryl Carson,tuesday  ,1793991
Dean Straight,tuesday  ,13915225
Dirk Stringer,tuesday  ,47511599
Heather McBadden,tuesday  ,17175981
Innes del Castillo,tuesday  ,19504654
Johnson White,tuesday  ,5416301
Livia Karsen,tuesday  ,9947169
Marjorie Green,tuesday  ,6285889
Meander Smith,tuesday  ,3689228
Michael O'Leary,tuesday  ,5283581
Michel DeFrance,tuesday  ,28252452
Morningstar Greene,tuesday  ,4344816
Reginald Blotchet-Halls,tuesday  ,7448030
Sheryl Hunter,tuesday  ,9388115
Stearns MacFeather,tuesday  ,1721420
Sylvia Panteley,tuesday  ,7955447
Abraham Bennet,wednesday,15830734
Albert Ringer,wednesday,18314662
Ann Dull,wednesday,2673646
Anne Ringer,wednesday,2907899
Burt Gringlesby,wednesday,8084144
Charlene Locksley,wednesday,7232676
Cheryl Carson,wednesday,4374846
Dean Straight,wednesday,9461619
Dirk Stringer,wednesday,61272976
Heather McBadden,wednesday,21342600
Innes del Castillo,wednesday,13162269
Johnson White,wednesday,8111713
Livia Karsen,wednesday,9971967
Marjorie Green,wednesday,5914083
Meander Smith,wednesday,4029383
Michael O'Leary,wednesday,9651456
Michel DeFrance,wednesday,34507446
Morningstar Greene,wednesday,3889193
Reginald Blotchet-Halls,wednesday,6847595
Sheryl Hunter,wednesday,7642246
Stearns MacFeather,wednesday,2439585
Sylvia Panteley,wednesday,6178301
Abraham Bennet,thursday ,12840579
Albert Ringer,thursday ,31652965
Ann Dull,thursday ,2803908
Anne Ringer,thursday ,4884231
Burt Gringlesby,thursday ,8767122
Charlene Locksley,thursday ,7953983
Cheryl Carson,thursday ,5128858
Dean Straight,thursday ,13911317
Dirk Stringer,thursday ,53791966
Heather McBadden,thursday ,12494615
Innes del Castillo,thursday ,19517392
Johnson White,thursday ,7146456
Livia Karsen,thursday ,6349723
Marjorie Green,thursday ,5735074
Meander Smith,thursday ,2603838
Michael O'Leary,thursday ,5320218
Michel DeFrance,thursday ,32275153
Morningstar Greene,thursday ,2387217
Reginald Blotchet-Halls,thursday ,5441791
Sheryl Hunter,thursday ,10002844
Stearns MacFeather,thursday ,1632196
Sylvia Panteley,thursday ,7181275
Abraham Bennet,friday   ,17299536
Albert Ringer,friday   ,19215082
Ann Dull,friday   ,2502981
Anne Ringer,friday   ,4075263
Burt Gringlesby,friday   ,6525006
Charlene Locksley,friday   ,6623560
Cheryl Carson,friday   ,5397808
Dean Straight,friday   ,11468567
Dirk Stringer,friday   ,40281298
Heather McBadden,friday   ,19948616
Innes del Castillo,friday   ,13099263
Johnson White,friday   ,5525743
Livia Karsen,friday   ,12065001
Marjorie Green,friday   ,11524966
Meander Smith,friday   ,3669828
Michael O'Leary,friday   ,12123802
Michel DeFrance,friday   ,36590743
Morningstar Greene,friday   ,7379985
Reginald Blotchet-Halls,friday   ,6670075
Sheryl Hunter,friday   ,10642403
Stearns MacFeather,friday   ,2212901
Sylvia Panteley,friday   ,4452269
Abraham Bennet,saturday ,13774826
Albert Ringer,saturday ,28545150
Ann Dull,saturday ,2754279
Anne Ringer,saturday ,3912842
Burt Gringlesby,saturday ,9946100
Charlene Locksley,saturday ,7746438
Cheryl Carson,saturday ,5185884
Dean Straight,saturday ,14103508
Dirk Stringer,saturday ,52564876
Heather McBadden,saturday ,14670317
Innes del Castillo,saturday ,14330929
Johnson White,saturday ,5823442
Livia Karsen,saturday ,9826084
Marjorie Green,saturday ,5322131
Meander Smith,saturday ,4029383
Michael O'Leary,saturday ,12187916
Michel DeFrance,saturday ,43089807
Morningstar Greene,saturday ,3640566
Reginald Blotchet-Halls,saturday ,6636137
Sheryl Hunter,saturday ,11446078
Stearns MacFeather,saturday ,2740293
Sylvia Panteley,saturday ,4654262
Abraham Bennet,sunday   ,23145398
Albert Ringer,sunday   ,26545905
Ann Dull,sunday   ,2426778
Anne Ringer,sunday   ,3309250
Burt Gringlesby,sunday   ,8063926
Charlene Locksley,sunday   ,8469273
Cheryl Carson,sunday   ,4983781
Dean Straight,sunday   ,11449234
Dirk Stringer,sunday   ,57644601
Heather McBadden,sunday   ,22672407
Innes del Castillo,sunday   ,13992519
Johnson White,sunday   ,7642386
Livia Karsen,sunday   ,10833697
Marjorie Green,sunday   ,7066859
Meander Smith,sunday   ,2925340
Michael O'Leary,sunday   ,6968449
Michel DeFrance,sunday   ,40304991
Morningstar Greene,sunday   ,3604400
Reginald Blotchet-Halls,sunday   ,5828143
Sheryl Hunter,sunday   ,12103194
Stearns MacFeather,sunday   ,1993590
Sylvia Panteley,sunday   ,7224894
Abraham Bennet,monday   ,15203984
Albert Ringer,monday   ,28015437
Ann Dull,monday   ,2465335
Anne Ringer,monday   ,2947721
Burt Gringlesby,monday   ,7296737
Charlene Locksley,monday   ,7851997
Cheryl Carson,monday   ,4424715
Dean Straight,monday   ,13754796
Dirk Stringer,monday   ,49688624
Heather McBadden,monday   ,22684005
Innes del Castillo,monday   ,11386550
Johnson White,monday   ,6304532
Livia Karsen,monday   ,5111410
Marjorie Green,monday   ,5913417
Meander Smith,monday   ,3955133
Michael O'Leary,monday   ,14761013
Michel DeFrance,monday   ,38697597
Morningstar Greene,monday   ,4546062
Reginald Blotchet-Halls,monday   ,5952153
Sheryl Hunter,monday   ,11731155
Stearns MacFeather,monday   ,1115653
Sylvia Panteley,monday   ,5106776
Abraham Bennet,tuesday  ,18919714
Albert Ringer,tuesday  ,30043969
Ann Dull,tuesday  ,3085473
Anne Ringer,tuesday  ,4118218
Burt Gringlesby,tuesday  ,8046213
Charlene Locksley,tuesday  ,5795678
Cheryl Carson,tuesday  ,6309346
Dean Straight,tuesday  ,11292149
Dirk Stringer,tuesday  ,66801220
Heather McBadden,tuesday  ,17828101
Innes del Castillo,tuesday  ,16404610
Johnson White,tuesday  ,7964950
Livia Karsen,tuesday  ,17311693
Marjorie Green,tuesday  ,6541172
Meander Smith,tuesday  ,6837191
Michael O'Leary,tuesday  ,7893315
Michel DeFrance,tuesday  ,31890079
Morningstar Greene,tuesday  ,3305851
Reginald Blotchet-Halls,tuesday  ,7326648
Sheryl Hunter,tuesday  ,9025829
Stearns MacFeather,tuesday  ,2171032
Sylvia Panteley,tuesday  ,3898298
Abraham Bennet,wednesday,11087698
Albert Ringer,wednesday,22133358
Ann Dull,wednesday,2635401
Anne Ringer,wednesday,2583058
Burt Gringlesby,wednesday,9541358
Charlene Locksley,wednesday,7104429
Cheryl Carson,wednesday,4950929
Dean Straight,wednesday,12743215
Dirk Stringer,wednesday,30649711
Heather McBadden,wednesday,18924861
Innes del Castillo,wednesday,20255613
Johnson White,wednesday,5890855
Livia Karsen,wednesday,14388735
Marjorie Green,wednesday,6272659
Meander Smith,wednesday,3976774
Michael O'Leary,wednesday,7920793
Michel DeFrance,wednesday,31881323
Morningstar Greene,wednesday,6022548
Reginald Blotchet-Halls,wednesday,5166360
Sheryl Hunter,wednesday,12104852
Stearns MacFeather,wednesday,2147529
Sylvia Panteley,wednesday,5078747
Abraham Bennet,thursday ,15909813
Albert Ringer,thursday ,25553930
Ann Dull,thursday ,2832614
Anne Ringer,thursday ,4602346
Burt Gringlesby,thursday ,7312691
Charlene Locksley,thursday ,6066453
Cheryl Carson,thursday ,6044164
Dean Straight,thursday ,14470694
Dirk Stringer,thursday ,34726606
Heather McBadden,thursday ,18237549
Innes del Castillo,thursday ,13552260
Johnson White,thursday ,5928119
Livia Karsen,thursday ,11242086
Marjorie Green,thursday ,5899630
Meander Smith,thursday ,3689975
Michael O'Leary,thursday ,15612606
Michel DeFrance,thursday ,35059969
Morningstar Greene,thursday ,5483560
Reginald Blotchet-Halls,thursday ,6232797
Sheryl Hunter,thursday ,15700522
Stearns MacFeather,thursday ,1501965
Sylvia Panteley,thursday ,5706656
Abraham Bennet,friday   ,15688162
Albert Ringer,friday   ,42404974
Ann Dull,friday   ,2310511
Anne Ringer,friday   ,2301173
Burt Gringlesby,friday   ,9377480
Charlene Locksley,friday   ,6865525
Cheryl Carson,friday   ,4800560
Dean Straight,friday   ,17244621
Dirk Stringer,friday   ,69453212
Heather McBadden,friday   ,9308707
Innes del Castillo,friday   ,16974429
Johnson White,friday   ,8851944
Livia Karsen,friday   ,9794278
Marjorie Green,friday   ,8199509
Meander Smith,friday   ,4329244
Michael O'Leary,friday   ,10512208
Michel DeFrance,friday   ,35077657
Morningstar Greene,friday   ,4413428
Reginald Blotchet-Halls,friday   ,7188272
Sheryl Hunter,friday   ,10486621
Stearns MacFeather,friday   ,2351125
Sylvia Panteley,friday   ,8665683
Abraham Bennet,saturday ,15375995
Albert Ringer,saturday ,29061032
Ann Dull,saturday ,2749225
Anne Ringer,saturday ,1813911
Burt Gringlesby,saturday ,7074889
Charlene Locksley,saturday ,8624803
Cheryl Carson,saturday ,5136776
Dean Straight,saturday ,11136247
Dirk Stringer,saturday ,68978245
Heather McBadden,saturday ,20766207
Innes del Castillo,saturday ,16754785
Johnson White,saturday ,8493385
Livia Karsen,saturday ,10748881
Marjorie Green,saturday ,6914534
Meander Smith,saturday ,4285962
Michael O'Leary,saturday ,12206234
Michel DeFrance,saturday ,29950675
Morningstar Greene,saturday ,4331296
Reginald Blotchet-Halls,saturday ,6198860
Sheryl Hunter,saturday ,9800535
Stearns MacFeather,saturday ,1485325
Sylvia Panteley,saturday ,8589635
Abraham Bennet,sunday   ,15311395
Albert Ringer,sunday   ,28737232
Ann Dull,sunday   ,1987467
Anne Ringer,sunday   ,2540102
Burt Gringlesby,sunday   ,12109293
Charlene Locksley,sunday   ,6628659
Cheryl Carson,sunday   ,5029120
Dean Straight,sunday   ,10217006
Dirk Stringer,sunday   ,45361022
Heather McBadden,sunday   ,21099203
Innes del Castillo,sunday   ,11723357
Johnson White,sunday   ,6795008
Livia Karsen,sunday   ,11053794
Marjorie Green,sunday   ,8661152
Meander Smith,sunday   ,3720195
Michael O'Leary,sunday   ,12197075
Michel DeFrance,sunday   ,30175700
Morningstar Greene,sunday   ,3626909
Reginald Blotchet-Halls,sunday   ,4474582
Sheryl Hunter,sunday   ,8621212
Stearns MacFeather,sunday   ,2923629
Sylvia Panteley,sunday   ,8044084
Abraham Bennet,monday   ,13644722
Albert Ringer,monday   ,21742840
Ann Dull,monday   ,3271042
Anne Ringer,monday   ,4081531
Burt Gringlesby,monday   ,9467535
Charlene Locksley,monday   ,8572282
Cheryl Carson,monday   ,4821726
Dean Straight,monday   ,11456382
Dirk Stringer,monday   ,48013015
Heather McBadden,monday   ,16826626
Innes del Castillo,monday   ,22978404
Johnson White,monday   ,6627160
Livia Karsen,monday   ,10475774
Marjorie Green,monday   ,4925531
Meander Smith,monday   ,2317038
Michael O'Leary,monday   ,6977608
Michel DeFrance,monday   ,35118311
Morningstar Greene,monday   ,4975161
Reginald Blotchet-Halls,monday   ,9223236
Sheryl Hunter,monday   ,10916068
Stearns MacFeather,monday   ,2528071
Sylvia Panteley,monday   ,8888208
Abraham Bennet,tuesday  ,17427710
Albert Ringer,tuesday  ,23718634
Ann Dull,tuesday  ,3013414
Anne Ringer,tuesday  ,4038575
Burt Gringlesby,tuesday  ,7710285
Charlene Locksley,tuesday  ,7580711
Cheryl Carson,tuesday  ,5597665
Dean Straight,tuesday  ,12845185
Dirk Stringer,tuesday  ,55494024
Heather McBadden,tuesday  ,16833797
Innes del Castillo,tuesday  ,23368395
Johnson White,tuesday  ,6829113
Livia Karsen,tuesday  ,9212663
Marjorie Green,tuesday  ,8354280
Meander Smith,tuesday  ,4391927
Michael O'Leary,tuesday  ,11308845
Michel DeFrance,tuesday  ,22371653
Morningstar Greene,tuesday  ,3888578
Reginald Blotchet-Halls,tuesday  ,6610038
Sheryl Hunter,tuesday  ,9014124
Stearns MacFeather,tuesday  ,3212664
Sylvia Panteley,tuesday  ,6569433
Abraham Bennet,wednesday,17560172
Albert Ringer,wednesday,34036059
Ann Dull,wednesday,2305118
Anne Ringer,wednesday,5291850
Burt Gringlesby,wednesday,9047118
Charlene Locksley,wednesday,9270384
Cheryl Carson,wednesday,5654691
Dean Straight,wednesday,9285846
Dirk Stringer,wednesday,41006973
Heather McBadden,wednesday,15713318
Innes del Castillo,wednesday,17234860
Johnson White,wednesday,4998943
Livia Karsen,wednesday,11624807
Marjorie Green,wednesday,5516484
Meander Smith,wednesday,2531829
Michael O'Leary,wednesday,10475571
Michel DeFrance,wednesday,32952350
Morningstar Greene,wednesday,4008391
Reginald Blotchet-Halls,wednesday,5927368
Sheryl Hunter,wednesday,8996860
Stearns MacFeather,wednesday,1091103
Sylvia Panteley,wednesday,6119984
Abraham Bennet,thursday ,19367494
Albert Ringer,thursday ,30937792
Ann Dull,thursday ,2782102
Anne Ringer,thursday ,2947721
Burt Gringlesby,thursday ,6481966
Charlene Locksley,thursday ,6808410
Cheryl Carson,thursday ,3648395
Dean Straight,thursday ,11001100
Dirk Stringer,thursday ,50163592
Heather McBadden,thursday ,28879130
Innes del Castillo,thursday ,24248914
Johnson White,thursday ,9140927
Livia Karsen,thursday ,17248081
Marjorie Green,thursday ,8083320
Meander Smith,thursday ,5030449
Michael O'Leary,thursday ,8708271
Michel DeFrance,thursday ,39417569
Morningstar Greene,thursday ,6726898
Reginald Blotchet-Halls,thursday ,5406542
Sheryl Hunter,thursday ,11239868
Stearns MacFeather,thursday ,1495209
Sylvia Panteley,thursday ,4032663
Abraham Bennet,friday   ,14243700
Albert Ringer,friday   ,27587804
Ann Dull,friday   ,2453379
Anne Ringer,friday   ,2420638
Burt Gringlesby,friday   ,9033948
Charlene Locksley,friday   ,8603641
Cheryl Carson,friday   ,5622219
Dean Straight,friday   ,12901240
Dirk Stringer,friday   ,73081587
Heather McBadden,friday   ,18790155
Innes del Castillo,friday   ,19607135
Johnson White,friday   ,7209033
Livia Karsen,friday   ,14083822
Marjorie Green,friday   ,7377401
Meander Smith,friday   ,1934348
Michael O'Leary,friday   ,7005085
Michel DeFrance,friday   ,31555947
Morningstar Greene,friday   ,6537856
Reginald Blotchet-Halls,friday   ,5728959
Sheryl Hunter,friday   ,9318709
Stearns MacFeather,friday   ,2048343
Sylvia Panteley,friday   ,4330758
Abraham Bennet,saturday ,17027948
Albert Ringer,saturday ,24009659
Ann Dull,saturday ,2376552
Anne Ringer,saturday ,4522703
Burt Gringlesby,saturday ,7827427
Charlene Locksley,saturday ,5507819
Cheryl Carson,saturday ,4345382
Dean Straight,saturday ,9688193
Dirk Stringer,saturday ,48738690
Heather McBadden,saturday ,23529386
Innes del Castillo,saturday ,14835166
Johnson White,saturday ,4441360
Livia Karsen,saturday ,12611216
Marjorie Green,saturday ,6593318
Meander Smith,saturday ,3265496
Michael O'Leary,saturday ,7014245
Michel DeFrance,saturday ,25198479
Morningstar Greene,saturday ,3482025
Reginald Blotchet-Halls,saturday ,7372320
Sheryl Hunter,saturday ,10748288
Stearns MacFeather,saturday ,2583066
Sylvia Panteley,saturday ,6689577
Abraham Bennet,sunday   ,21066885
Albert Ringer,sunday   ,28183503
Ann Dull,sunday   ,2255828
Anne Ringer,sunday   ,3796511
Burt Gringlesby,sunday   ,6122302
Charlene Locksley,sunday   ,7676322
Cheryl Carson,sunday   ,5755571
Dean Straight,sunday   ,14771134
Dirk Stringer,sunday   ,79111246
Heather McBadden,sunday   ,19618307
Innes del Castillo,sunday   ,14303850
Johnson White,sunday   ,8019463
Livia Karsen,sunday   ,8950158
Marjorie Green,sunday   ,5411968
Meander Smith,sunday   ,2668014
Michael O'Leary,sunday   ,7948270
Michel DeFrance,sunday   ,38532270
Morningstar Greene,sunday   ,6571522
Reginald Blotchet-Halls,sunday   ,5591900
Sheryl Hunter,sunday   ,7657560
Stearns MacFeather,sunday   ,2987809
Sylvia Panteley,sunday   ,5782735
Abraham Bennet,monday   ,19671740
Albert Ringer,monday   ,28254710
Ann Dull,monday   ,2712202
Anne Ringer,monday   ,3879289
Burt Gringlesby,monday   ,8111965
Charlene Locksley,monday   ,5128936
Cheryl Carson,monday   ,6333900
Dean Straight,monday   ,12918838
Dirk Stringer,monday   ,63199293
Heather McBadden,monday   ,19216564
Innes del Castillo,monday   ,16716282
Johnson White,monday   ,8032192
Livia Karsen,monday   ,8169650
Marjorie Green,monday   ,6826253
Meander Smith,monday   ,3327431
Michael O'Leary,monday   ,11336323
Michel DeFrance,monday   ,37327638
Morningstar Greene,monday   ,4072755
Reginald Blotchet-Halls,monday   ,5372604
Sheryl Hunter,monday   ,9684896
Stearns MacFeather,monday   ,2338365
Sylvia Panteley,monday   ,8247923
Abraham Bennet,tuesday  ,21607321
Albert Ringer,tuesday  ,19590167
Ann Dull,tuesday  ,2189761
Anne Ringer,tuesday  ,2055975
Burt Gringlesby,tuesday  ,7731805
Charlene Locksley,tuesday  ,6575116
Cheryl Carson,tuesday  ,5000417
Dean Straight,tuesday  ,13445558
Dirk Stringer,tuesday  ,44635347
Heather McBadden,tuesday  ,24765369
Innes del Castillo,tuesday  ,18102641
Johnson White,tuesday  ,5756965
Livia Karsen,tuesday  ,673438
Marjorie Green,tuesday  ,7362947
Meander Smith,tuesday  ,3720195
Michael O'Leary,tuesday  ,9651456
Michel DeFrance,tuesday  ,28110091
Morningstar Greene,tuesday  ,4991193
Reginald Blotchet-Halls,tuesday  ,6382907
Sheryl Hunter,tuesday  ,10567438
Stearns MacFeather,tuesday  ,1965385
Sylvia Panteley,tuesday  ,7498056
Abraham Bennet,wednesday,20344916
Albert Ringer,wednesday,38469653
Ann Dull,wednesday,2092064
Anne Ringer,wednesday,2423772
Burt Gringlesby,wednesday,9806981
Charlene Locksley,wednesday,6174561
Cheryl Carson,wednesday,6512971
Dean Straight,wednesday,15346593
Dirk Stringer,wednesday,78385571
Heather McBadden,wednesday,19474457
Innes del Castillo,wednesday,25155538
Johnson White,wednesday,5599162
Livia Karsen,wednesday,4628808
Marjorie Green,wednesday,6208282
Meander Smith,wednesday,2690403
Michael O'Leary,wednesday,9614819
Michel DeFrance,wednesday,28470077
Morningstar Greene,wednesday,2808792
Reginald Blotchet-Halls,wednesday,6309822
Sheryl Hunter,wednesday,8351449
Stearns MacFeather,wednesday,2391676
Sylvia Panteley,wednesday,4880710
Abraham Bennet,thursday ,18885140
Albert Ringer,thursday ,36722577
Ann Dull,thursday ,2437538
Anne Ringer,thursday ,3876155
Burt Gringlesby,thursday ,6634255
Charlene Locksley,thursday ,6251814
Cheryl Carson,thursday ,6251559
Dean Straight,thursday ,11568351
Dirk Stringer,thursday ,62222910
Heather McBadden,thursday ,17671717
Innes del Castillo,thursday ,10880710
Johnson White,thursday ,6029782
Livia Karsen,thursday ,20682034
Marjorie Green,thursday ,6003255
Meander Smith,thursday ,2657194
Michael O'Leary,thursday ,16528313
Michel DeFrance,thursday ,37995312
Morningstar Greene,thursday ,3608747
Reginald Blotchet-Halls,thursday ,6512127
Sheryl Hunter,thursday ,11050922
Stearns MacFeather,thursday ,1920166
Sylvia Panteley,thursday ,7372080
Abraham Bennet,friday   ,22160506
Albert Ringer,friday   ,33823705
Ann Dull,friday   ,3298838
Anne Ringer,friday   ,4568793
Burt Gringlesby,friday   ,7198332
Charlene Locksley,friday   ,8595993
Cheryl Carson,friday   ,2962030
Dean Straight,friday   ,8523071
Dirk Stringer,friday   ,38354980
Heather McBadden,friday   ,13259684
Innes del Castillo,friday   ,15899401
Johnson White,friday   ,10412557
Livia Karsen,friday   ,5342110
Marjorie Green,friday   ,6157136
Meander Smith,friday   ,3720942
Michael O'Leary,friday   ,10548845
Michel DeFrance,friday   ,40102931
Morningstar Greene,friday   ,4472252
Reginald Blotchet-Halls,friday   ,6606098
Sheryl Hunter,friday   ,10946988
Stearns MacFeather,friday   ,2636996
Sylvia Panteley,friday   ,7195051
Abraham Bennet,saturday ,14674933
Albert Ringer,saturday ,26821846
Ann Dull,saturday ,2964124
Anne Ringer,saturday ,3998754
Burt Gringlesby,saturday ,5687234
Charlene Locksley,saturday ,7637314
Cheryl Carson,saturday ,4742773
Dean Straight,saturday ,11404979
Dirk Stringer,saturday ,56443959
Heather McBadden,saturday ,19659611
Innes del Castillo,saturday ,21163210
Johnson White,saturday ,6605222
Livia Karsen,saturday ,10748881
Marjorie Green,saturday ,6657361
Meander Smith,saturday ,4370286
Michael O'Leary,saturday ,6977608
Michel DeFrance,saturday ,41667550
Morningstar Greene,saturday ,3510729
Reginald Blotchet-Halls,saturday ,8026261
Sheryl Hunter,saturday ,5844530
Stearns MacFeather,saturday ,2270691
Sylvia Panteley,saturday ,5889995
Abraham Bennet,sunday   ,16587824
Albert Ringer,sunday   ,20860615
Ann Dull,sunday   ,2677479
Anne Ringer,sunday   ,5533914
Burt Gringlesby,sunday   ,9645608
Charlene Locksley,sunday   ,6061865
Cheryl Carson,sunday   ,5687163
Dean Straight,sunday   ,14096844
Dirk Stringer,sunday   ,32576029
Heather McBadden,sunday   ,19910010
Innes del Castillo,sunday   ,13332276
Johnson White,sunday   ,5725852
Livia Karsen,sunday   ,2713463
Marjorie Green,sunday   ,8958796
Meander Smith,sunday   ,4007742
Michael O'Leary,sunday   ,13946057
Michel DeFrance,sunday   ,32944950
Morningstar Greene,sunday   ,4895256
Reginald Blotchet-Halls,sunday   ,6273259
Sheryl Hunter,sunday   ,10941135
Stearns MacFeather,sunday   ,1358940
Sylvia Panteley,sunday   ,7325397
Abraham Bennet,monday   ,16509282
Albert Ringer,monday   ,29910071
Ann Dull,monday   ,2689772
Anne Ringer,monday   ,1936510
Burt Gringlesby,monday   ,9219624
Charlene Locksley,monday   ,9729581
Cheryl Carson,monday   ,6205077
Dean Straight,monday   ,14515865
Dirk Stringer,monday   ,52340616
Heather McBadden,monday   ,24681656
Innes del Castillo,monday   ,16247973
Johnson White,monday   ,4546079
Livia Karsen,monday   ,8981964
Marjorie Green,monday   ,6401745
Meander Smith,monday   ,3222213
Michael O'Leary,monday   ,8744908
Michel DeFrance,monday   ,30410247
Morningstar Greene,monday   ,4132231
Reginald Blotchet-Halls,monday   ,5380443
Sheryl Hunter,monday   ,10293773
Stearns MacFeather,monday   ,1513020
Sylvia Panteley,monday   ,4866520
Abraham Bennet,tuesday  ,16603819
Albert Ringer,tuesday  ,30275814
Ann Dull,tuesday  ,2859813
Anne Ringer,tuesday  ,2947721
Burt Gringlesby,tuesday  ,7396901
Charlene Locksley,tuesday  ,5854831
Cheryl Carson,tuesday  ,7460749
Dean Straight,tuesday  ,12589649
Dirk Stringer,tuesday  ,44635347
Heather McBadden,tuesday  ,18141873
Innes del Castillo,tuesday  ,17247257
Johnson White,tuesday  ,7411751
Livia Karsen,tuesday  ,10266278
Marjorie Green,tuesday  ,9379301
Meander Smith,tuesday  ,3615725
Michael O'Leary,tuesday  ,17361587
Michel DeFrance,tuesday  ,26310925
Morningstar Greene,tuesday  ,4526580
Reginald Blotchet-Halls,tuesday  ,5148099
Sheryl Hunter,tuesday  ,11991164
Stearns MacFeather,tuesday  ,2241089
Sylvia Panteley,tuesday  ,6591629
Abraham Bennet,wednesday,9907272
Albert Ringer,wednesday,22902820
Ann Dull,wednesday,2102512
Anne Ringer,wednesday,3839467
Burt Gringlesby,wednesday,9106568
Charlene Locksley,wednesday,7792333
Cheryl Carson,wednesday,4503668
Dean Straight,wednesday,8449943
Dirk Stringer,wednesday,30148296
Heather McBadden,wednesday,14830291
Innes del Castillo,wednesday,18311491
Johnson White,wednesday,4354487
Livia Karsen,wednesday,4565196
Marjorie Green,wednesday,4977343
Meander Smith,wednesday,4264320
Michael O'Leary,wednesday,7884156
Michel DeFrance,wednesday,39985658
Morningstar Greene,wednesday,8726917
Reginald Blotchet-Halls,wednesday,3973328
Sheryl Hunter,wednesday,9969973
Stearns MacFeather,wednesday,1773296
Sylvia Panteley,wednesday,7619568
Abraham Bennet,thursday ,10042842
Albert Ringer,thursday ,20766573
Ann Dull,thursday ,3045694
Anne Ringer,thursday ,5696334
Burt Gringlesby,thursday ,9006404
Charlene Locksley,thursday ,6174561
Cheryl Carson,thursday ,3823698
Dean Straight,thursday ,13889363
Dirk Stringer,thursday ,39555623
Heather McBadden,thursday ,16101490
Innes del Castillo,thursday ,17027613
Johnson White,thursday ,7237959
Livia Karsen,thursday ,10454570
Marjorie Green,thursday ,5773657
Meander Smith,thursday ,6528750
Michael O'Leary,thursday ,12178757
Michel DeFrance,thursday ,40847992
Morningstar Greene,thursday ,3607996
Reginald Blotchet-Halls,thursday ,7569412
Sheryl Hunter,thursday ,11704136
Stearns MacFeather,thursday ,1209563
Sylvia Panteley,thursday ,7036646
Abraham Bennet,friday   ,19036185
Albert Ringer,friday   ,26226218
Ann Dull,friday   ,2233710
Anne Ringer,friday   ,4439925
Burt Gringlesby,friday   ,6703814
Charlene Locksley,friday   ,5983589
Cheryl Carson,friday   ,7714244
Dean Straight,friday   ,15440949
Dirk Stringer,friday   ,34502346
Heather McBadden,friday   ,15242538
Innes del Castillo,friday   ,22031963
Johnson White,friday   ,6767066
Livia Karsen,friday   ,14598230
Marjorie Green,friday   ,6131675
Meander Smith,friday   ,2924593
Michael O'Leary,friday   ,7041722
Michel DeFrance,friday   ,36297855
Morningstar Greene,friday   ,3036425
Reginald Blotchet-Halls,friday   ,6281097
Sheryl Hunter,friday   ,8931356
Stearns MacFeather,friday   ,1235795
Sylvia Panteley,friday   ,8815193
Abraham Bennet,saturday ,16454101
Albert Ringer,saturday ,20471624
Ann Dull,saturday ,2701130
Anne Ringer,saturday ,3876155
Burt Gringlesby,saturday ,7440398
Charlene Locksley,saturday ,6623049
Cheryl Carson,saturday ,6301428
Dean Straight,saturday ,10952102
Dirk Stringer,saturday ,56918926
Heather McBadden,saturday ,22401457
Innes del Castillo,saturday ,16171257
Johnson White,saturday ,5667716
Livia Karsen,saturday ,21008151
Marjorie Green,saturday ,4578187
Meander Smith,saturday ,4166316
Michael O'Leary,saturday ,9614819
Michel DeFrance,saturday ,28461320
Morningstar Greene,saturday ,5711895
Reginald Blotchet-Halls,saturday ,6794085
Sheryl Hunter,saturday ,8442020
Stearns MacFeather,saturday ,1893787
Sylvia Panteley,saturday ,5516594
Abraham Bennet,sunday   ,12096793
Albert Ringer,sunday   ,31030883
Ann Dull,sunday   ,2519706
Anne Ringer,sunday   ,3551313
Burt Gringlesby,sunday   ,7868140
Charlene Locksley,sunday   ,5829587
Cheryl Carson,sunday   ,4349912
Dean Straight,sunday   ,13603649
Dirk Stringer,sunday   ,48962949
Heather McBadden,sunday   ,16690650
Innes del Castillo,sunday   ,27101264
Johnson White,sunday   ,8991390
Livia Karsen,sunday   ,14452347
Marjorie Green,sunday   ,9673833
Meander Smith,sunday   ,1934348
Michael O'Leary,sunday   ,9569023
Michel DeFrance,sunday   ,35135998
Morningstar Greene,sunday   ,6506739
Reginald Blotchet-Halls,sunday   ,5257747
Sheryl Hunter,sunday   ,8339744
Stearns MacFeather,sunday   ,2230856
Sylvia Panteley,sunday   ,8452502
Abraham Bennet,monday   ,15735722
Albert Ringer,monday   ,25456685
Ann Dull,monday   ,2954301
Anne Ringer,monday   ,2907899
Burt Gringlesby,monday   ,5394803
Charlene Locksley,monday   ,6501939
Cheryl Carson,monday   ,6205839
Dean Straight,monday   ,11789376
Dirk Stringer,monday   ,28472687
Heather McBadden,monday   ,19061597
Innes del Castillo,monday   ,22771157
Johnson White,monday   ,7958762
Livia Karsen,monday   ,8928954
Marjorie Green,monday   ,8197952
Meander Smith,monday   ,3764225
Michael O'Leary,monday   ,10438934
Michel DeFrance,monday   ,29515425
Morningstar Greene,monday   ,7024879
Reginald Blotchet-Halls,monday   ,5755058
Sheryl Hunter,monday   ,10956449
Stearns MacFeather,monday   ,2083493
Sylvia Panteley,monday   ,6689100
Abraham Bennet,tuesday  ,14224105
Albert Ringer,tuesday  ,16727383
Ann Dull,tuesday  ,2672736
Anne Ringer,tuesday  ,2901631
Burt Gringlesby,tuesday  ,8081360
Charlene Locksley,tuesday  ,8298446
Cheryl Carson,tuesday  ,3073455
Dean Straight,tuesday  ,9466457
Dirk Stringer,tuesday  ,40532005
Heather McBadden,tuesday  ,13461164
Innes del Castillo,tuesday  ,23145835
Johnson White,tuesday  ,6124507
Livia Karsen,tuesday  ,8950158
Marjorie Green,tuesday  ,7259988
Meander Smith,tuesday  ,4721262
Michael O'Leary,tuesday  ,5338536
Michel DeFrance,tuesday  ,24973454
Morningstar Greene,tuesday  ,3253740
Reginald Blotchet-Halls,tuesday  ,8562764
Sheryl Hunter,tuesday  ,9891107
Stearns MacFeather,tuesday  ,2485934
Sylvia Panteley,tuesday  ,7478925
Abraham Bennet,wednesday,17103206
Albert Ringer,wednesday,34870028
Ann Dull,wednesday,3265051
Anne Ringer,wednesday,2016153
Burt Gringlesby,wednesday,6598084
Charlene Locksley,wednesday,6064414
Cheryl Carson,wednesday,4735997
Dean Straight,wednesday,10345486
Dirk Stringer,wednesday,45835990
Heather McBadden,wednesday,23924371
Innes del Castillo,wednesday,17338313
Johnson White,wednesday,8920670
Livia Karsen,wednesday,14179240
Marjorie Green,wednesday,6787005
Meander Smith,wednesday,2616153
Michael O'Leary,wednesday,9614819
Michel DeFrance,wednesday,35905381
Morningstar Greene,wednesday,3538816
Reginald Blotchet-Halls,wednesday,7645125
Sheryl Hunter,wednesday,11937365
Stearns MacFeather,wednesday,2122999
Sylvia Panteley,wednesday,7224449
Abraham Bennet,thursday ,13661615
Albert Ringer,thursday ,32013427
Ann Dull,thursday ,2624017
Anne Ringer,thursday ,4522703
Burt Gringlesby,thursday ,6770590
Charlene Locksley,thursday ,7078169
Cheryl Carson,thursday ,6201309
Dean Straight,thursday ,13019121
Dirk Stringer,thursday ,36428663
Heather McBadden,thursday ,10899019
Innes del Castillo,thursday ,17805651
Johnson White,thursday ,7404049
Livia Karsen,thursday ,8236856
Marjorie Green,thursday ,8916435
Meander Smith,thursday ,4071171
Michael O'Leary,thursday ,6968449
Michel DeFrance,thursday ,34950861
Morningstar Greene,thursday ,4578076
Reginald Blotchet-Halls,thursday ,5775944
Sheryl Hunter,thursday ,8908239
Stearns MacFeather,thursday ,900904
Sylvia Panteley,thursday ,6245483
Abraham Bennet,friday   ,19424100
Albert Ringer,friday   ,27369093
Ann Dull,friday   ,2475185
Anne Ringer,friday   ,3876155
Burt Gringlesby,friday   ,9451581
Charlene Locksley,friday   ,5107263
Cheryl Carson,friday   ,6102332
Dean Straight,friday   ,9310313
Dirk Stringer,friday   ,37629306
Heather McBadden,friday   ,20863702
Innes del Castillo,friday   ,19453414
Johnson White,friday   ,6243155
Livia Karsen,friday   ,14264056
Marjorie Green,friday   ,5041053
Meander Smith,friday   ,5071490
Michael O'Leary,friday   ,9623978
Michel DeFrance,friday   ,37375691
Morningstar Greene,friday   ,4716619
Reginald Blotchet-Halls,friday   ,6594364
Sheryl Hunter,friday   ,11428521
Stearns MacFeather,friday   ,1280808
Sylvia Panteley,friday   ,6882227
Abraham Bennet,saturday ,13941920
Albert Ringer,saturday ,21821393
Ann Dull,saturday ,3128798
Anne Ringer,saturday ,2662701
Burt Gringlesby,saturday ,6462772
Charlene Locksley,saturday ,7392289
Cheryl Carson,saturday ,6985166
Dean Straight,saturday ,16832765
Dirk Stringer,saturday ,39331363
Heather McBadden,saturday ,17366856
Innes del Castillo,saturday ,12850597
Johnson White,saturday ,5911913
Livia Karsen,saturday ,2347482
Marjorie Green,saturday ,5232626
Meander Smith,saturday ,2648615
Michael O'Leary,saturday ,8735749
Michel DeFrance,saturday ,40087366
Morningstar Greene,saturday ,3911420
Reginald Blotchet-Halls,saturday ,8193362
Sheryl Hunter,saturday ,12293798
Stearns MacFeather,saturday ,1549012
Sylvia Panteley,saturday ,8232301
Abraham Bennet,sunday   ,20147122
Albert Ringer,sunday   ,26172998
Ann Dull,sunday   ,2152426
Anne Ringer,sunday   ,3670778
Burt Gringlesby,sunday   ,4517341
Charlene Locksley,sunday   ,5317358
Cheryl Carson,sunday   ,7449443
Dean Straight,sunday   ,14816544
Dirk Stringer,sunday   ,57644601
Heather McBadden,sunday   ,17251073
Innes del Castillo,sunday   ,16351425
Johnson White,sunday   ,4086606
Livia Karsen,sunday   ,8205050
Marjorie Green,sunday   ,5143455
Meander Smith,sunday   ,4679473
Michael O'Leary,sunday   ,7920793
Michel DeFrance,sunday   ,29472650
Morningstar Greene,sunday   ,5788118
Reginald Blotchet-Halls,sunday   ,7680374
Sheryl Hunter,sunday   ,13814241
Stearns MacFeather,sunday   ,1703588
Sylvia Panteley,sunday   ,7122513
Abraham Bennet,monday   ,14425997
Albert Ringer,monday   ,14698449
Ann Dull,monday   ,2322181
Anne Ringer,monday   ,3677047
Burt Gringlesby,monday   ,6562936
Charlene Locksley,monday   ,6548345
Cheryl Carson,monday   ,5315087
Dean Straight,monday   ,11365372
Dirk Stringer,monday   ,43909672
Heather McBadden,monday   ,15195961
Innes del Castillo,monday   ,16573013
Johnson White,monday   ,4928814
Livia Karsen,monday   ,10245074
Marjorie Green,monday   ,5207831
Meander Smith,monday   ,5102458
Michael O'Leary,monday   ,7014245
Michel DeFrance,monday   ,27148171
Morningstar Greene,monday   ,3690978
Reginald Blotchet-Halls,monday   ,7530268
Sheryl Hunter,monday   ,8732949
Stearns MacFeather,monday   ,2233034
Sylvia Panteley,monday   ,5845454
Abraham Bennet,tuesday  ,12264088
Albert Ringer,tuesday  ,37916239
Ann Dull,tuesday  ,2810809
Anne Ringer,tuesday  ,3309250
Burt Gringlesby,tuesday  ,8633570
Charlene Locksley,tuesday  ,5290586
Cheryl Carson,tuesday  ,4817957
Dean Straight,tuesday  ,12359677
Dirk Stringer,tuesday  ,46561665
Heather McBadden,tuesday  ,20795300
Innes del Castillo,tuesday  ,14756847
Johnson White,tuesday  ,8834682
Livia Karsen,tuesday  ,6342715
Marjorie Green,tuesday  ,10163717
Meander Smith,tuesday  ,4752229
Michael O'Leary,tuesday  ,6135174
Michel DeFrance,tuesday  ,40170795
Morningstar Greene,tuesday  ,6684156
Reginald Blotchet-Halls,tuesday  ,7235258
Sheryl Hunter,tuesday  ,13627246
Stearns MacFeather,tuesday  ,2008751
Sylvia Panteley,tuesday  ,7301419
Abraham Bennet,wednesday,13792675
Albert Ringer,wednesday,32101947
Ann Dull,wednesday,2695763
Anne Ringer,wednesday,3149963
Burt Gringlesby,wednesday,10466402
Charlene Locksley,wednesday,8459075
Cheryl Carson,wednesday,4635117
Dean Straight,wednesday,12855372
Dirk Stringer,wednesday,31850354
Heather McBadden,wednesday,17306539
Innes del Castillo,wednesday,18687142
Johnson White,wednesday,6404159
Livia Karsen,wednesday,10255676
Marjorie Green,wednesday,6093983
Meander Smith,wednesday,3308031
Michael O'Leary,wednesday,7032563
Michel DeFrance,wednesday,17948312
Morningstar Greene,wednesday,2068991
Reginald Blotchet-Halls,wednesday,7270510
Sheryl Hunter,wednesday,9322611
Stearns MacFeather,wednesday,1648672
Sylvia Panteley,wednesday,6225906
Abraham Bennet,thursday ,18319610
Albert Ringer,thursday ,28476422
Ann Dull,thursday ,2234620
Anne Ringer,thursday ,3630957
Burt Gringlesby,thursday ,8143594
Charlene Locksley,thursday ,7477702
Cheryl Carson,thursday ,6898296
Dean Straight,thursday ,14929012
Dirk Stringer,thursday ,42207615
Heather McBadden,thursday ,22341241
Innes del Castillo,thursday ,18181301
Johnson White,thursday ,5620749
Livia Karsen,thursday ,8751264
Marjorie Green,thursday ,6193271
Meander Smith,thursday ,2603838
Michael O'Leary,thursday ,6162652
Michel DeFrance,thursday ,28920892
Morningstar Greene,thursday ,5171491
Reginald Blotchet-Halls,thursday ,7138658
Sheryl Hunter,thursday ,11234015
Stearns MacFeather,thursday ,1567317
Sylvia Panteley,thursday ,7812218
Abraham Bennet,friday   ,16393279
Albert Ringer,friday   ,21977012
Ann Dull,friday   ,2947062
Anne Ringer,friday   ,5371493
Burt Gringlesby,friday   ,6058309
Charlene Locksley,friday   ,7047315
Cheryl Carson,friday   ,4038630
Dean Straight,friday   ,11428571
Dirk Stringer,friday   ,58845243
Heather McBadden,friday   ,16117357
Innes del Castillo,friday   ,17752466
Johnson White,friday   ,7663370
Livia Karsen,friday   ,14211046
Marjorie Green,friday   ,6131675
Meander Smith,friday   ,5051343
Michael O'Leary,friday   ,11345482
Michel DeFrance,friday   ,30770233
Morningstar Greene,friday   ,2953676
Reginald Blotchet-Halls,friday   ,7599454
Sheryl Hunter,friday   ,10758042
Stearns MacFeather,friday   ,2209182
Sylvia Panteley,friday   ,6535635
Abraham Bennet,saturday ,14873160
Albert Ringer,saturday ,22810546
Ann Dull,saturday ,2507724
Anne Ringer,saturday ,3597403
Burt Gringlesby,saturday ,8075794
Charlene Locksley,saturday ,8152604
Cheryl Carson,saturday ,4743154
Dean Straight,saturday ,12712366
Dirk Stringer,saturday ,61022268
Heather McBadden,saturday ,18556996
Innes del Castillo,saturday ,13487310
Johnson White,saturday ,6823514
Livia Karsen,saturday ,11525795
Marjorie Green,saturday ,6477129
Meander Smith,saturday ,6476142
Michael O'Leary,saturday ,9605660
Michel DeFrance,saturday ,25182913
Morningstar Greene,saturday ,6392885
Reginald Blotchet-Halls,saturday ,8513153
Sheryl Hunter,saturday ,10270656
Stearns MacFeather,saturday ,1815881
Sylvia Panteley,saturday ,4041052
Abraham Bennet,sunday   ,21347937
Albert Ringer,sunday   ,19176578
Ann Dull,sunday   ,2030766
Anne Ringer,sunday   ,4360282
Burt Gringlesby,sunday   ,7253240
Charlene Locksley,sunday   ,6520551
Cheryl Carson,sunday   ,4847041
Dean Straight,sunday   ,11637356
Dirk Stringer,sunday   ,36903631
Heather McBadden,sunday   ,11075161
Innes del Castillo,sunday   ,19619873
Johnson White,sunday   ,5108511
Livia Karsen,sunday   ,16850295
Marjorie Green,sunday   ,8710741
Meander Smith,sunday   ,3233034
Michael O'Leary,sunday   ,9623978
Michel DeFrance,sunday   ,36665241
Morningstar Greene,sunday   ,3687481
Reginald Blotchet-Halls,sunday   ,6035702
Sheryl Hunter,sunday   ,11135641
Stearns MacFeather,sunday   ,2144324
Sylvia Panteley,sunday   ,8478835
Abraham Bennet,monday   ,9932043
Albert Ringer,monday   ,26993333
Ann Dull,monday   ,3073179
Anne Ringer,monday   ,4118218
Burt Gringlesby,monday   ,9049901
Charlene Locksley,monday   ,5268914
Cheryl Carson,monday   ,5936889
Dean Straight,monday   ,10529994
Dirk Stringer,monday   ,67051927
Heather McBadden,monday   ,26181677
Innes del Castillo,monday   ,16339660
Johnson White,monday   ,9958600
Livia Karsen,monday   ,5015992
Marjorie Green,monday   ,8020500
Meander Smith,monday   ,3616472
Michael O'Leary,monday   ,13891102
Michel DeFrance,monday   ,31028511
Morningstar Greene,monday   ,4449411
Reginald Blotchet-Halls,monday   ,8353894
Sheryl Hunter,monday   ,9359145
Stearns MacFeather,monday   ,1519061
Sylvia Panteley,monday   ,8072050
Abraham Bennet,tuesday  ,20029446
Albert Ringer,tuesday  ,20062424
Ann Dull,tuesday  ,2168241
Anne Ringer,tuesday  ,4363416
Burt Gringlesby,tuesday  ,9109352
Charlene Locksley,tuesday  ,6144729
Cheryl Carson,tuesday  ,5369105
Dean Straight,tuesday  ,14244740
Dirk Stringer,tuesday  ,64874902
Heather McBadden,tuesday  ,16687060
Innes del Castillo,tuesday  ,15548254
Johnson White,tuesday  ,7596476
Livia Karsen,tuesday  ,12086205
Marjorie Green,tuesday  ,8467689
Meander Smith,tuesday  ,3935733
Michael O'Leary,tuesday  ,8772385
Michel DeFrance,tuesday  ,34165148
Morningstar Greene,tuesday  ,4051661
Reginald Blotchet-Halls,tuesday  ,4051667
Sheryl Hunter,tuesday  ,11998967
Stearns MacFeather,tuesday  ,2545533
Sylvia Panteley,tuesday  ,7705850
Abraham Bennet,wednesday,12599948
Albert Ringer,wednesday,30008010
Ann Dull,wednesday,2717257
Anne Ringer,wednesday,3146829
Burt Gringlesby,wednesday,5662931
Charlene Locksley,wednesday,7106468
Cheryl Carson,wednesday,5845068
Dean Straight,wednesday,16759017
Dirk Stringer,wednesday,39555623
Heather McBadden,wednesday,26011432
Innes del Castillo,wednesday,12306885
Johnson White,wednesday,7627867
Livia Karsen,wednesday,14356929
Marjorie Green,wednesday,5708057
Meander Smith,wednesday,3997668
Michael O'Leary,wednesday,9550705
Michel DeFrance,wednesday,34767847
Morningstar Greene,wednesday,5013653
Reginald Blotchet-Halls,wednesday,5748534
Sheryl Hunter,wednesday,10401609
Stearns MacFeather,wednesday,926790
Sylvia Panteley,wednesday,4939058
Abraham Bennet,thursday ,19373427
Albert Ringer,thursday ,40106741
Ann Dull,thursday ,2486855
Anne Ringer,thursday ,3915976
Burt Gringlesby,thursday ,6276072
Charlene Locksley,thursday ,6193172
Cheryl Carson,thursday ,4921845
Dean Straight,thursday ,11270478
Dirk Stringer,thursday ,58146016
Heather McBadden,thursday ,25799861
Innes del Castillo,thursday ,19504654
Johnson White,thursday ,8091554
Livia Karsen,thursday ,12096807
Marjorie Green,thursday ,5526268
Meander Smith,thursday ,4103633
Michael O'Leary,thursday ,6135174
Michel DeFrance,thursday ,32785667
Morningstar Greene,thursday ,4641148
Reginald Blotchet-Halls,thursday ,6068325
Sheryl Hunter,thursday ,11937365
Stearns MacFeather,thursday ,1070764
Sylvia Panteley,thursday ,3129777
Abraham Bennet,friday   ,18453242
Albert Ringer,friday   ,20830150
Ann Dull,friday   ,2751044
Anne Ringer,friday   ,3670778
Burt Gringlesby,friday   ,6909708
Charlene Locksley,friday   ,7236248
Cheryl Carson,friday   ,5236514
Dean Straight,friday   ,13483406
Dirk Stringer,friday   ,50414299
Heather McBadden,friday   ,18008850
Innes del Castillo,friday   ,8974460
Johnson White,friday   ,6289168
Livia Karsen,friday   ,24432372
Marjorie Green,friday   ,4757529
Meander Smith,friday   ,3625798
Michael O'Leary,friday   ,11281368
Michel DeFrance,friday   ,39627794
Morningstar Greene,friday   ,5039426
Reginald Blotchet-Halls,friday   ,5796831
Sheryl Hunter,friday   ,13234040
Stearns MacFeather,friday   ,1826463
Sylvia Panteley,friday   ,3521833
Abraham Bennet,saturday ,11152562
Albert Ringer,saturday ,28232645
Ann Dull,saturday ,2442619
Anne Ringer,saturday ,3958932
Burt Gringlesby,saturday ,9537094
Charlene Locksley,saturday ,6811471
Cheryl Carson,saturday ,5057062
Dean Straight,saturday ,11858311
Dirk Stringer,saturday ,35702988
Heather McBadden,saturday ,23217666
Innes del Castillo,saturday ,19917835
Johnson White,saturday ,5853452
Livia Karsen,saturday ,5069002
Marjorie Green,saturday ,8429107
Meander Smith,saturday ,3658260
Michael O'Leary,saturday ,7142473
Michel DeFrance,saturday ,34114972
Morningstar Greene,saturday ,4308651
Reginald Blotchet-Halls,saturday ,5816409
Sheryl Hunter,saturday ,12394124
Stearns MacFeather,saturday ,1740547
Sylvia Panteley,saturday ,4239565
Abraham Bennet,sunday   ,16908574
Albert Ringer,sunday   ,24462883
Ann Dull,sunday   ,2048141
Anne Ringer,sunday   ,3107007
Burt Gringlesby,sunday   ,7891141
Charlene Locksley,sunday   ,5770945
Cheryl Carson,sunday   ,4614712
Dean Straight,sunday   ,10474760
Dirk Stringer,sunday   ,51139974
Heather McBadden,sunday   ,23060992
Innes del Castillo,sunday   ,20034998
Johnson White,sunday   ,4247426
Livia Karsen,sunday   ,12065001
Marjorie Green,sunday   ,8532066
Meander Smith,sunday   ,4987914
Michael O'Leary,sunday   ,6199289
Michel DeFrance,sunday   ,22038111
Morningstar Greene,sunday   ,4416310
Reginald Blotchet-Halls,sunday   ,4458905
Sheryl Hunter,sunday   ,10389904
Stearns MacFeather,sunday   ,1732125
Sylvia Panteley,sunday   ,8598979
Abraham Bennet,monday   ,19081230
Albert Ringer,monday   ,21975271
Ann Dull,monday   ,2810496
Anne Ringer,monday   ,3392027
Burt Gringlesby,monday   ,8707672
Charlene Locksley,monday   ,8144955
Cheryl Carson,monday   ,2551771
Dean Straight,monday   ,10724538
Dirk Stringer,monday   ,53066291
Heather McBadden,monday   ,20404419
Innes del Castillo,monday   ,14394907
Johnson White,monday   ,5077972
Livia Karsen,monday   ,7392736
Marjorie Green,monday   ,7173264
Meander Smith,monday   ,5052091
Michael O'Leary,monday   ,5347696
Michel DeFrance,monday   ,33563215
Morningstar Greene,monday   ,5105010
Reginald Blotchet-Halls,monday   ,9520827
Sheryl Hunter,monday   ,9964121
Stearns MacFeather,monday   ,2399234
Sylvia Panteley,monday   ,7928405
Abraham Bennet,tuesday  ,13162307
Albert Ringer,tuesday  ,34051169
Ann Dull,tuesday  ,3259034
Anne Ringer,tuesday  ,4200996
Burt Gringlesby,tuesday  ,8372768
Charlene Locksley,tuesday  ,8382837
Cheryl Carson,tuesday  ,3306164
Dean Straight,tuesday  ,10576319
Dirk Stringer,tuesday  ,46561665
Heather McBadden,tuesday  ,20339486
Innes del Castillo,tuesday  ,26697904
Johnson White,tuesday  ,4170996
Livia Karsen,tuesday  ,14672444
Marjorie Green,tuesday  ,8315365
Meander Smith,tuesday  ,4475503
Michael O'Leary,tuesday  ,7014245
Michel DeFrance,tuesday  ,32827677
Morningstar Greene,tuesday  ,2879018
Reginald Blotchet-Halls,tuesday  ,5447004
Sheryl Hunter,tuesday  ,9214775
Stearns MacFeather,tuesday  ,2128177
Sylvia Panteley,tuesday  ,6824418
Abraham Bennet,wednesday,13280201
Albert Ringer,wednesday,24858998
Ann Dull,wednesday,1839830
Anne Ringer,wednesday,2861809
Burt Gringlesby,wednesday,8107423
Charlene Locksley,wednesday,7746950
Cheryl Carson,wednesday,3720192
Dean Straight,wednesday,11774409
Dirk Stringer,wednesday,48237274
Heather McBadden,wednesday,15305197
Innes del Castillo,wednesday,19373151
Johnson White,wednesday,5735002
Livia Karsen,wednesday,16198060
Marjorie Green,wednesday,7273776
Meander Smith,wednesday,4082739
Michael O'Leary,wednesday,9587341
Michel DeFrance,wednesday,26755697
Morningstar Greene,wednesday,5342272
Reginald Blotchet-Halls,wednesday,4936641
Sheryl Hunter,wednesday,10392148
Stearns MacFeather,wednesday,1209909
Sylvia Panteley,wednesday,8443191
Abraham Bennet,thursday ,13635252
Albert Ringer,thursday ,26312659
Ann Dull,thursday ,2546592
Anne Ringer,thursday ,5049786
Burt Gringlesby,thursday ,9044335
Charlene Locksley,thursday ,7612581
Cheryl Carson,thursday ,4009927
Dean Straight,thursday ,16703637
Dirk Stringer,thursday ,60771560
Heather McBadden,thursday ,18692829
Innes del Castillo,thursday ,27022945
Johnson White,thursday ,5573859
Livia Karsen,thursday ,17272879
Marjorie Green,thursday ,6156803
Meander Smith,thursday ,2689656
Michael O'Leary,thursday ,7050881
Michel DeFrance,thursday ,36733105
Morningstar Greene,thursday ,3832120
Reginald Blotchet-Halls,thursday ,6016130
Sheryl Hunter,thursday ,5910034
Stearns MacFeather,thursday ,1772104
Sylvia Panteley,thursday ,6525847
Abraham Bennet,friday   ,15885937
Albert Ringer,friday   ,16731498
Ann Dull,friday   ,2673022
Anne Ringer,friday   ,3107007
Burt Gringlesby,friday   ,6739985
Charlene Locksley,friday   ,8337454
Cheryl Carson,friday   ,6466871
Dean Straight,friday   ,14156175
Dirk Stringer,friday   ,46310957
Heather McBadden,friday   ,15785433
Innes del Castillo,friday   ,12072901
Johnson White,friday   ,4803816
Livia Karsen,friday   ,5015992
Marjorie Green,friday   ,8739316
Meander Smith,friday   ,5359784
Michael O'Leary,friday   ,11308845
Michel DeFrance,friday   ,29265313
Morningstar Greene,friday   ,3000297
Reginald Blotchet-Halls,friday   ,7583774
Sheryl Hunter,friday   ,15500165
Stearns MacFeather,friday   ,2935073
Sylvia Panteley,friday   ,10983026
Abraham Bennet,saturday ,14825772
Albert Ringer,saturday ,37100460
Ann Dull,saturday ,2173634
Anne Ringer,saturday ,4240817
Burt Gringlesby,saturday ,7031392
Charlene Locksley,saturday ,6540696
Cheryl Carson,saturday ,6437787
Dean Straight,saturday ,6822582
Dirk Stringer,saturday ,34726606
Heather McBadden,saturday ,18972321
Innes del Castillo,saturday ,24650329
Johnson White,saturday ,6724852
Livia Karsen,saturday ,16758470
Marjorie Green,saturday ,8944343
Meander Smith,saturday ,5380678
Michael O'Leary,saturday ,7911633
Michel DeFrance,saturday ,30527520
Morningstar Greene,saturday ,7003798
Reginald Blotchet-Halls,saturday ,6363332
Sheryl Hunter,saturday ,9889156
Stearns MacFeather,saturday ,1241692
Sylvia Panteley,saturday ,7277409
Abraham Bennet,sunday   ,11139121
Albert Ringer,sunday   ,20192636
Ann Dull,sunday   ,1844599
Anne Ringer,sunday   ,2745479
Burt Gringlesby,sunday   ,11687396
Charlene Locksley,sunday   ,5322457
Cheryl Carson,sunday   ,4764320
Dean Straight,sunday   ,10265667
Dirk Stringer,sunday   ,49213657
Heather McBadden,sunday   ,13424900
Innes del Castillo,sunday   ,18076535
Johnson White,sunday   ,6565113
Livia Karsen,sunday   ,3479775
Marjorie Green,sunday   ,8982035
Meander Smith,sunday   ,3338252
Michael O'Leary,sunday   ,12169598
Michel DeFrance,sunday   ,25525977
Morningstar Greene,sunday   ,4933133
Reginald Blotchet-Halls,sunday   ,5577538
Sheryl Hunter,sunday   ,10199300
Stearns MacFeather,sunday   ,1795669
Sylvia Panteley,sunday   ,4138076
Abraham Bennet,monday   ,14293368
Albert Ringer,monday   ,19939383
Ann Dull,monday   ,2272865
Anne Ringer,monday   ,2864944
Burt Gringlesby,monday   ,7760651
Charlene Locksley,monday   ,6596277
Cheryl Carson,monday   ,5389890
Dean Straight,monday   ,10419113
Dirk Stringer,monday   ,52340616
Heather McBadden,monday   ,15182089
Innes del Castillo,monday   ,24093248
Johnson White,monday   ,7521541
Livia Karsen,monday   ,12139215
Marjorie Green,monday   ,4951882
Meander Smith,monday   ,2977202
Michael O'Leary,monday   ,7911633
Michel DeFrance,monday   ,40864914
Morningstar Greene,monday   ,6364982
Reginald Blotchet-Halls,monday   ,5535762
Sheryl Hunter,monday   ,10457358
Stearns MacFeather,monday   ,2290807
Sylvia Panteley,monday   ,7074462
Abraham Bennet,tuesday  ,16499639
Albert Ringer,tuesday  ,21643202
Ann Dull,tuesday  ,2536457
Anne Ringer,tuesday  ,3548179
Burt Gringlesby,tuesday  ,6699272
Charlene Locksley,tuesday  ,8260201
Cheryl Carson,tuesday  ,4615093
Dean Straight,tuesday  ,14882539
Dirk Stringer,tuesday  ,54293382
Heather McBadden,tuesday  ,22587382
Innes del Castillo,tuesday  ,15536488
Johnson White,tuesday  ,7378500
Livia Karsen,tuesday  ,12118011
Marjorie Green,tuesday  ,6003255
Meander Smith,tuesday  ,3988342
Michael O'Leary,tuesday  ,7847519
Michel DeFrance,tuesday  ,37309950
Morningstar Greene,tuesday  ,3048862
Reginald Blotchet-Halls,tuesday  ,4439330
Sheryl Hunter,tuesday  ,12068373
Stearns MacFeather,tuesday  ,2121787
Sylvia Panteley,tuesday  ,7523943
Abraham Bennet,wednesday,14507824
Albert Ringer,wednesday,28261260
Ann Dull,wednesday,2607578
Anne Ringer,wednesday,2622880
Burt Gringlesby,wednesday,8026452
Charlene Locksley,wednesday,8169177
Cheryl Carson,wednesday,4897291
Dean Straight,wednesday,14399904
Dirk Stringer,wednesday,47762307
Heather McBadden,wednesday,19791127
Innes del Castillo,wednesday,19400229
Johnson White,wednesday,6699004
Livia Karsen,wednesday,6594618
Marjorie Green,wednesday,7723745
Meander Smith,wednesday,2657194
Michael O'Leary,wednesday,10466412
Michel DeFrance,wednesday,32442603
Morningstar Greene,wednesday,4797940
Reginald Blotchet-Halls,wednesday,5722435
Sheryl Hunter,wednesday,7170175
Stearns MacFeather,wednesday,1575022
Sylvia Panteley,wednesday,9033760
Abraham Bennet,thursday ,16903727
Albert Ringer,thursday ,22474772
Ann Dull,thursday ,3144613
Anne Ringer,thursday ,2745479
Burt Gringlesby,thursday ,7868140
Charlene Locksley,thursday ,7803042
Cheryl Carson,thursday ,4849668
Dean Straight,thursday ,8094512
Dirk Stringer,thursday ,48013015
Heather McBadden,thursday ,22387563
Innes del Castillo,thursday ,16793629
Johnson White,thursday ,7137955
Livia Karsen,thursday ,10234472
Marjorie Green,thursday ,6298120
Meander Smith,thursday ,5008061
Michael O'Leary,thursday ,8799863
Michel DeFrance,thursday ,29105263
Morningstar Greene,thursday ,6650676
Reginald Blotchet-Halls,thursday ,7018591
Sheryl Hunter,thursday ,12135772
Stearns MacFeather,thursday ,2198950
Sylvia Panteley,thursday ,6000764
Abraham Bennet,friday   ,15841924
Albert Ringer,friday   ,19411237
Ann Dull,friday   ,2508972
Anne Ringer,friday   ,4035441
Burt Gringlesby,friday   ,6071936
Charlene Locksley,friday   ,5822449
Cheryl Carson,friday   ,4217321
Dean Straight,friday   ,13490081
Dirk Stringer,friday   ,38354980
Heather McBadden,friday   ,24152400
Innes del Castillo,friday   ,19425363
Johnson White,friday   ,8655160
Livia Karsen,friday   ,13650635
Marjorie Green,friday   ,7004039
Meander Smith,friday   ,3296463
Michael O'Leary,friday   ,6245085
Michel DeFrance,friday   ,21778476
Morningstar Greene,friday   ,4594294
Reginald Blotchet-Halls,friday   ,6791456
Sheryl Hunter,friday   ,13842917
Stearns MacFeather,friday   ,1364834
Sylvia Panteley,friday   ,6038580
Abraham Bennet,saturday ,19758892
Albert Ringer,saturday ,23325085
Ann Dull,saturday ,2503579
Anne Ringer,saturday ,4038575
Burt Gringlesby,saturday ,7767976
Charlene Locksley,saturday ,9667878
Cheryl Carson,saturday ,3513178
Dean Straight,saturday ,11613079
Dirk Stringer,saturday ,54042674
Heather McBadden,saturday ,21536718
Innes del Castillo,saturday ,13954648
Johnson White,saturday ,8176560
Livia Karsen,saturday ,6374521
Marjorie Green,saturday ,5272208
Meander Smith,saturday ,2615406
Michael O'Leary,saturday ,8772385
Michel DeFrance,saturday ,39777555
Morningstar Greene,saturday ,4807212
Reginald Blotchet-Halls,saturday ,4663839
Sheryl Hunter,saturday ,9682946
Stearns MacFeather,saturday ,1774138
Sylvia Panteley,saturday ,7493591
Abraham Bennet,sunday   ,19788389
Albert Ringer,sunday   ,36161874
Ann Dull,sunday   ,3293160
Anne Ringer,sunday   ,2665836
Burt Gringlesby,sunday   ,5524836
Charlene Locksley,sunday   ,6894335
Cheryl Carson,sunday   ,2969948
Dean Straight,sunday   ,13269405
Dirk Stringer,sunday   ,48013015
Heather McBadden,sunday   ,20044773
Innes del Castillo,sunday   ,10363735
Johnson White,sunday   ,5458343
Livia Karsen,sunday   ,16208662
Marjorie Green,sunday   ,4950325
Meander Smith,sunday   ,4679473
Michael O'Leary,sunday   ,5329377
Michel DeFrance,sunday   ,19670857
Morningstar Greene,sunday   ,3663125
Reginald Blotchet-Halls,sunday   ,5542286
Sheryl Hunter,sunday   ,9106646
Stearns MacFeather,sunday   ,2202792
Sylvia Panteley,sunday   ,7657354
Abraham Bennet,monday   ,20349447
Albert Ringer,monday   ,26778061
Ann Dull,monday   ,3057364
Anne Ringer,monday   ,3024230
Burt Gringlesby,monday   ,9162957
Charlene Locksley,monday   ,7367556
Cheryl Carson,monday   ,4910539
Dean Straight,monday   ,15326226
Dirk Stringer,monday   ,41481940
Heather McBadden,monday   ,18314124
Innes del Castillo,monday   ,21642313
Johnson White,monday   ,8465660
Livia Karsen,monday   ,7921340
Marjorie Green,monday   ,8467689
Meander Smith,monday   ,3008917
Michael O'Leary,monday   ,4459466
Michel DeFrance,monday   ,25893363
Morningstar Greene,monday   ,4313995
Reginald Blotchet-Halls,monday   ,5196399
Sheryl Hunter,monday   ,9615491
Stearns MacFeather,monday   ,2326797
Sylvia Panteley,monday   ,4379731
Abraham Bennet,tuesday  ,16995968
Albert Ringer,tuesday  ,27775417
Ann Dull,tuesday  ,1674871
Anne Ringer,tuesday  ,2864944
Burt Gringlesby,tuesday  ,8638112
Charlene Locksley,tuesday  ,6598827
Cheryl Carson,tuesday  ,4085111
Dean Straight,tuesday  ,12594902
Dirk Stringer,tuesday  ,54992609
Heather McBadden,tuesday  ,13369111
Innes del Castillo,tuesday  ,21240557
Johnson White,tuesday  ,6533303
Livia Karsen,tuesday  ,11866108
Marjorie Green,tuesday  ,3910293
Meander Smith,tuesday  ,5072238
Michael O'Leary,tuesday  ,7920793
Michel DeFrance,tuesday  ,36573055
Morningstar Greene,tuesday  ,5276036
Reginald Blotchet-Halls,tuesday  ,5734172
Sheryl Hunter,tuesday  ,9723326
Stearns MacFeather,tuesday  ,1647976
Sylvia Panteley,tuesday  ,5918946
